vacina,agegroup,tempo_doses,n
AZ,2,13,18
AZ,2,15,4
AZ,2,16,27
AZ,2,17,13
AZ,2,18,29
AZ,2,19,37
AZ,2,20,5
AZ,2,22,1
AZ,2,23,10
AZ,2,24,4
AZ,2,25,8
AZ,2,26,10
AZ,2,27,17
AZ,2,30,9
AZ,2,31,13
AZ,2,32,13
AZ,2,33,4
AZ,2,34,10
AZ,2,35,1
AZ,2,36,2
AZ,2,37,5
AZ,2,38,3
AZ,2,40,2
AZ,2,41,2
AZ,2,43,1
AZ,2,44,7
AZ,2,45,1
AZ,2,46,2
AZ,2,47,1
AZ,2,48,1
AZ,2,50,4
AZ,2,51,2
AZ,2,52,6
AZ,2,53,1
AZ,2,58,1
AZ,2,59,1
AZ,2,61,3
AZ,2,65,1
AZ,2,67,1
AZ,2,73,3
AZ,2,74,1
AZ,2,75,4
AZ,2,79,1
AZ,2,81,2
AZ,2,83,1
AZ,2,87,3
AZ,2,88,2
AZ,2,89,3
AZ,2,90,3
AZ,2,92,1
AZ,2,93,1
AZ,2,94,1
AZ,2,95,3
AZ,2,96,3
AZ,2,97,3
AZ,2,100,5
AZ,2,101,1
AZ,2,103,5
AZ,2,104,2
AZ,2,107,2
AZ,2,108,1
AZ,2,109,4
AZ,2,110,8
AZ,2,111,4
AZ,2,114,1
AZ,2,115,4
AZ,2,116,4
AZ,3,13,236
AZ,3,15,42
AZ,3,16,430
AZ,3,17,281
AZ,3,18,361
AZ,3,19,307
AZ,3,20,83
AZ,3,22,10
AZ,3,23,139
AZ,3,24,88
AZ,3,25,123
AZ,3,26,188
AZ,3,27,153
AZ,3,29,9
AZ,3,30,125
AZ,3,31,152
AZ,3,32,202
AZ,3,33,88
AZ,3,34,107
AZ,3,35,12
AZ,3,36,59
AZ,3,37,93
AZ,3,38,20
AZ,3,39,31
AZ,3,40,23
AZ,3,41,7
AZ,3,44,65
AZ,3,45,19
AZ,3,46,15
AZ,3,47,22
AZ,3,48,13
AZ,3,50,15
AZ,3,51,26
AZ,3,52,37
AZ,3,53,16
AZ,3,54,1
AZ,3,55,2
AZ,3,56,1
AZ,3,57,2
AZ,3,58,6
AZ,3,59,17
AZ,3,60,6
AZ,3,61,14
AZ,3,62,8
AZ,3,64,1
AZ,3,65,16
AZ,3,66,13
AZ,3,67,8
AZ,3,68,11
AZ,3,69,4
AZ,3,71,1
AZ,3,72,16
AZ,3,73,27
AZ,3,74,25
AZ,3,75,32
AZ,3,76,36
AZ,3,77,2
AZ,3,78,11
AZ,3,79,30
AZ,3,80,5
AZ,3,81,31
AZ,3,82,13
AZ,3,83,10
AZ,3,85,2
AZ,3,86,39
AZ,3,87,60
AZ,3,88,60
AZ,3,89,53
AZ,3,90,69
AZ,3,92,30
AZ,3,93,54
AZ,3,94,19
AZ,3,95,45
AZ,3,96,36
AZ,3,97,50
AZ,3,99,4
AZ,3,100,37
AZ,3,101,13
AZ,3,102,26
AZ,3,103,31
AZ,3,104,30
AZ,3,107,34
AZ,3,108,42
AZ,3,109,81
AZ,3,110,132
AZ,3,111,125
AZ,3,114,26
AZ,3,115,23
AZ,3,116,41
AZ,3,117,16
AZ,3,118,9
AZ,3,120,2
AZ,3,121,11
AZ,3,122,6
AZ,3,128,5
AZ,3,131,1
AZ,3,180,1
AZ,3,181,14
AZ,3,195,1
AZ,4,13,435
AZ,4,15,43
AZ,4,16,812
AZ,4,17,566
AZ,4,18,614
AZ,4,19,477
AZ,4,20,201
AZ,4,22,31
AZ,4,23,236
AZ,4,24,192
AZ,4,25,240
AZ,4,26,397
AZ,4,27,318
AZ,4,28,2
AZ,4,29,23
AZ,4,30,242
AZ,4,31,351
AZ,4,32,437
AZ,4,33,369
AZ,4,34,289
AZ,4,35,45
AZ,4,36,152
AZ,4,37,292
AZ,4,38,56
AZ,4,39,36
AZ,4,40,61
AZ,4,41,11
AZ,4,44,111
AZ,4,45,62
AZ,4,46,35
AZ,4,47,49
AZ,4,48,34
AZ,4,50,16
AZ,4,51,92
AZ,4,52,49
AZ,4,53,23
AZ,4,54,8
AZ,4,55,5
AZ,4,56,1
AZ,4,58,7
AZ,4,59,31
AZ,4,60,11
AZ,4,61,18
AZ,4,62,11
AZ,4,63,3
AZ,4,64,2
AZ,4,65,10
AZ,4,66,15
AZ,4,67,16
AZ,4,68,35
AZ,4,69,9
AZ,4,71,2
AZ,4,72,17
AZ,4,73,41
AZ,4,74,37
AZ,4,75,52
AZ,4,76,52
AZ,4,77,1
AZ,4,78,12
AZ,4,79,65
AZ,4,80,8
AZ,4,81,72
AZ,4,82,36
AZ,4,83,16
AZ,4,85,1
AZ,4,86,54
AZ,4,87,72
AZ,4,88,60
AZ,4,89,75
AZ,4,90,79
AZ,4,92,48
AZ,4,93,55
AZ,4,94,28
AZ,4,95,62
AZ,4,96,49
AZ,4,97,47
AZ,4,99,1
AZ,4,100,61
AZ,4,101,20
AZ,4,102,28
AZ,4,103,41
AZ,4,104,53
AZ,4,105,4
AZ,4,106,3
AZ,4,107,32
AZ,4,108,51
AZ,4,109,147
AZ,4,110,183
AZ,4,111,198
AZ,4,112,1
AZ,4,113,1
AZ,4,114,40
AZ,4,115,60
AZ,4,116,67
AZ,4,117,26
AZ,4,118,26
AZ,4,121,10
AZ,4,122,8
AZ,4,124,1
AZ,4,125,1
AZ,4,128,7
AZ,4,129,2
AZ,4,142,1
AZ,4,170,1
AZ,4,179,1
AZ,4,180,1
AZ,4,181,27
AZ,4,192,1
AZ,5,13,650
AZ,5,14,1
AZ,5,15,55
AZ,5,16,926
AZ,5,17,704
AZ,5,18,855
AZ,5,19,583
AZ,5,20,304
AZ,5,22,38
AZ,5,23,279
AZ,5,24,230
AZ,5,25,314
AZ,5,26,532
AZ,5,27,335
AZ,5,28,2
AZ,5,29,20
AZ,5,30,349
AZ,5,31,460
AZ,5,32,533
AZ,5,33,355
AZ,5,34,361
AZ,5,35,47
AZ,5,36,268
AZ,5,37,422
AZ,5,38,75
AZ,5,39,34
AZ,5,40,24
AZ,5,41,12
AZ,5,43,1
AZ,5,44,44
AZ,5,45,39
AZ,5,46,18
AZ,5,47,36
AZ,5,48,17
AZ,5,49,2
AZ,5,50,22
AZ,5,51,48
AZ,5,52,34
AZ,5,53,13
AZ,5,54,11
AZ,5,55,3
AZ,5,56,1
AZ,5,57,2
AZ,5,58,8
AZ,5,59,21
AZ,5,60,10
AZ,5,61,11
AZ,5,62,2
AZ,5,63,1
AZ,5,64,3
AZ,5,65,7
AZ,5,66,14
AZ,5,67,6
AZ,5,68,25
AZ,5,69,13
AZ,5,71,3
AZ,5,72,11
AZ,5,73,32
AZ,5,74,21
AZ,5,75,49
AZ,5,76,25
AZ,5,77,1
AZ,5,78,15
AZ,5,79,87
AZ,5,80,4
AZ,5,81,76
AZ,5,82,22
AZ,5,83,16
AZ,5,85,3
AZ,5,86,43
AZ,5,87,57
AZ,5,88,71
AZ,5,89,46
AZ,5,90,61
AZ,5,91,1
AZ,5,92,48
AZ,5,93,54
AZ,5,94,27
AZ,5,95,41
AZ,5,96,32
AZ,5,97,24
AZ,5,99,3
AZ,5,100,43
AZ,5,101,9
AZ,5,102,29
AZ,5,103,38
AZ,5,104,51
AZ,5,105,1
AZ,5,106,3
AZ,5,107,22
AZ,5,108,29
AZ,5,109,103
AZ,5,110,153
AZ,5,111,188
AZ,5,113,1
AZ,5,114,56
AZ,5,115,73
AZ,5,116,99
AZ,5,117,15
AZ,5,118,44
AZ,5,121,5
AZ,5,122,10
AZ,5,124,3
AZ,5,125,1
AZ,5,127,1
AZ,5,128,9
AZ,5,137,1
AZ,5,141,1
AZ,5,159,1
AZ,5,167,1
AZ,5,177,1
AZ,5,179,1
AZ,5,181,28
AZ,5,201,2
AZ,6,13,1397
AZ,6,14,4
AZ,6,15,138
AZ,6,16,2101
AZ,6,17,1885
AZ,6,18,2179
AZ,6,19,1223
AZ,6,20,955
AZ,6,21,1
AZ,6,22,41
AZ,6,23,417
AZ,6,24,484
AZ,6,25,570
AZ,6,26,656
AZ,6,27,627
AZ,6,28,1
AZ,6,29,19
AZ,6,30,412
AZ,6,31,981
AZ,6,32,564
AZ,6,33,379
AZ,6,34,328
AZ,6,35,51
AZ,6,36,304
AZ,6,37,341
AZ,6,38,156
AZ,6,39,72
AZ,6,40,23
AZ,6,41,5
AZ,6,43,3
AZ,6,44,19
AZ,6,45,24
AZ,6,46,8
AZ,6,47,20
AZ,6,48,9
AZ,6,50,17
AZ,6,51,21
AZ,6,52,29
AZ,6,53,19
AZ,6,54,4
AZ,6,55,6
AZ,6,56,3
AZ,6,57,2
AZ,6,58,9
AZ,6,59,13
AZ,6,60,8
AZ,6,61,5
AZ,6,62,2
AZ,6,63,1
AZ,6,64,2
AZ,6,65,6
AZ,6,66,6
AZ,6,67,5
AZ,6,68,10
AZ,6,69,6
AZ,6,71,4
AZ,6,72,9
AZ,6,73,11
AZ,6,74,11
AZ,6,75,23
AZ,6,76,27
AZ,6,78,7
AZ,6,79,44
AZ,6,81,45
AZ,6,82,16
AZ,6,83,10
AZ,6,85,2
AZ,6,86,17
AZ,6,87,29
AZ,6,88,21
AZ,6,89,29
AZ,6,90,44
AZ,6,92,29
AZ,6,93,35
AZ,6,94,12
AZ,6,95,23
AZ,6,96,18
AZ,6,97,14
AZ,6,100,21
AZ,6,101,5
AZ,6,102,13
AZ,6,103,27
AZ,6,104,26
AZ,6,106,3
AZ,6,107,32
AZ,6,108,12
AZ,6,109,65
AZ,6,110,92
AZ,6,111,136
AZ,6,112,2
AZ,6,113,1
AZ,6,114,45
AZ,6,115,61
AZ,6,116,63
AZ,6,117,25
AZ,6,118,19
AZ,6,121,5
AZ,6,122,4
AZ,6,124,1
AZ,6,125,1
AZ,6,128,6
AZ,6,129,1
AZ,6,130,1
AZ,6,131,1
AZ,6,138,1
AZ,6,147,1
AZ,6,165,1
AZ,6,173,2
AZ,6,179,2
AZ,6,181,18
AZ,6,184,1
AZ,6,188,1
AZ,7,13,515
AZ,7,14,2
AZ,7,15,58
AZ,7,16,1175
AZ,7,17,894
AZ,7,18,2374
AZ,7,19,1605
AZ,7,20,403
AZ,7,21,1
AZ,7,22,110
AZ,7,23,3642
AZ,7,24,2132
AZ,7,25,1807
AZ,7,26,1421
AZ,7,27,1801
AZ,7,28,3
AZ,7,29,193
AZ,7,30,2339
AZ,7,31,2830
AZ,7,32,1836
AZ,7,33,1829
AZ,7,34,3553
AZ,7,35,6
AZ,7,36,262
AZ,7,37,1471
AZ,7,38,1852
AZ,7,39,1077
AZ,7,40,375
AZ,7,41,430
AZ,7,43,70
AZ,7,44,55
AZ,7,45,37
AZ,7,46,326
AZ,7,47,184
AZ,7,48,191
AZ,7,49,1
AZ,7,50,12
AZ,7,51,125
AZ,7,52,236
AZ,7,53,349
AZ,7,54,172
AZ,7,55,79
AZ,7,57,15
AZ,7,58,16
AZ,7,59,243
AZ,7,60,15
AZ,7,61,4
AZ,7,62,6
AZ,7,63,3
AZ,7,64,5
AZ,7,66,7
AZ,7,67,3
AZ,7,68,3
AZ,7,69,5
AZ,7,71,10
AZ,7,72,12
AZ,7,73,12
AZ,7,74,8
AZ,7,75,10
AZ,7,76,7
AZ,7,78,2
AZ,7,79,33
AZ,7,81,42
AZ,7,82,16
AZ,7,83,11
AZ,7,85,4
AZ,7,86,7
AZ,7,87,15
AZ,7,88,7
AZ,7,89,36
AZ,7,90,15
AZ,7,92,14
AZ,7,93,7
AZ,7,94,10
AZ,7,95,17
AZ,7,96,9
AZ,7,97,9
AZ,7,99,1
AZ,7,100,7
AZ,7,101,9
AZ,7,102,8
AZ,7,103,8
AZ,7,104,11
AZ,7,107,11
AZ,7,108,11
AZ,7,109,41
AZ,7,110,47
AZ,7,111,79
AZ,7,114,14
AZ,7,115,27
AZ,7,116,27
AZ,7,117,4
AZ,7,118,3
AZ,7,121,2
AZ,7,122,3
AZ,7,124,2
AZ,7,127,1
AZ,7,128,3
AZ,7,149,1
AZ,7,164,1
AZ,7,180,1
AZ,7,181,6
AZ,7,192,1
AZ,8,13,51
AZ,8,14,1
AZ,8,15,7
AZ,8,16,89
AZ,8,17,60
AZ,8,18,108
AZ,8,19,77
AZ,8,20,16
AZ,8,22,6
AZ,8,23,109
AZ,8,24,56
AZ,8,25,75
AZ,8,26,62
AZ,8,27,66
AZ,8,29,12
AZ,8,30,130
AZ,8,31,76
AZ,8,32,63
AZ,8,33,56
AZ,8,34,66
AZ,8,35,1
AZ,8,36,49
AZ,8,37,134
AZ,8,38,105
AZ,8,39,113
AZ,8,40,33
AZ,8,41,18
AZ,8,43,2
AZ,8,44,21
AZ,8,45,11
AZ,8,46,42
AZ,8,47,72
AZ,8,48,37
AZ,8,49,1
AZ,8,50,14
AZ,8,51,15
AZ,8,52,84
AZ,8,53,57
AZ,8,54,32
AZ,8,55,9
AZ,8,57,3
AZ,8,58,93
AZ,8,59,17
AZ,8,60,22
AZ,8,61,12
AZ,8,62,4
AZ,8,64,2
AZ,8,65,3
AZ,8,66,24
AZ,8,67,4
AZ,8,68,11
AZ,8,69,18
AZ,8,71,5
AZ,8,72,161
AZ,8,73,110
AZ,8,74,47
AZ,8,75,182
AZ,8,76,66
AZ,8,77,25
AZ,8,78,68
AZ,8,79,67
AZ,8,80,2
AZ,8,81,94
AZ,8,82,13
AZ,8,83,3
AZ,8,85,4
AZ,8,86,5
AZ,8,87,6
AZ,8,88,7
AZ,8,89,4
AZ,8,90,6
AZ,8,91,2
AZ,8,92,7
AZ,8,93,9
AZ,8,94,1
AZ,8,95,6
AZ,8,96,5
AZ,8,97,1
AZ,8,100,6
AZ,8,101,8
AZ,8,102,18
AZ,8,103,11
AZ,8,104,8
AZ,8,107,7
AZ,8,108,19
AZ,8,109,36
AZ,8,110,28
AZ,8,111,21
AZ,8,114,3
AZ,8,115,21
AZ,8,116,8
AZ,8,117,2
AZ,8,118,2
AZ,8,122,1
AZ,8,124,1
AZ,8,131,1
AZ,8,137,1
AZ,8,138,1
AZ,8,139,1
AZ,8,155,1
AZ,8,167,1
AZ,8,172,1
AZ,8,191,1
AZ,8,192,1
AZ,9,13,8
AZ,9,15,1
AZ,9,16,18
AZ,9,17,7
AZ,9,18,28
AZ,9,19,15
AZ,9,20,3
AZ,9,22,1
AZ,9,23,22
AZ,9,24,11
AZ,9,25,8
AZ,9,26,11
AZ,9,27,2
AZ,9,29,1
AZ,9,30,13
AZ,9,31,12
AZ,9,32,3
AZ,9,33,7
AZ,9,34,11
AZ,9,35,1
AZ,9,37,13
AZ,9,38,18
AZ,9,39,18
AZ,9,40,6
AZ,9,41,1
AZ,9,44,3
AZ,9,45,3
AZ,9,46,2
AZ,9,47,4
AZ,9,48,1
AZ,9,50,1
AZ,9,51,5
AZ,9,52,4
AZ,9,53,2
AZ,9,54,6
AZ,9,55,1
AZ,9,58,3
AZ,9,59,6
AZ,9,60,10
AZ,9,61,6
AZ,9,62,3
AZ,9,63,9
AZ,9,64,2
AZ,9,65,1
AZ,9,66,9
AZ,9,67,5
AZ,9,68,5
AZ,9,69,4
AZ,9,71,3
AZ,9,72,6
AZ,9,73,37
AZ,9,74,10
AZ,9,75,16
AZ,9,76,22
AZ,9,77,2
AZ,9,78,31
AZ,9,79,59
AZ,9,80,2
AZ,9,81,67
AZ,9,82,11
AZ,9,83,5
AZ,9,85,6
AZ,9,86,17
AZ,9,87,21
AZ,9,88,41
AZ,9,89,10
AZ,9,90,7
AZ,9,91,3
AZ,9,92,9
AZ,9,93,9
AZ,9,94,10
AZ,9,95,10
AZ,9,96,25
AZ,9,97,9
AZ,9,99,5
AZ,9,100,16
AZ,9,101,38
AZ,9,102,126
AZ,9,103,197
AZ,9,104,134
AZ,9,105,1
AZ,9,106,9
AZ,9,107,39
AZ,9,108,161
AZ,9,109,1340
AZ,9,110,621
AZ,9,111,1102
AZ,9,112,20
AZ,9,114,111
AZ,9,115,73
AZ,9,116,31
AZ,9,117,99
AZ,9,118,3
AZ,9,120,5
AZ,9,121,8
AZ,9,122,4
AZ,9,124,1
AZ,9,130,2
AZ,9,165,2
AZ,9,167,1
AZ,9,170,2
AZ,9,198,2
AZ,10,13,2
AZ,10,16,2
AZ,10,17,6
AZ,10,18,2
AZ,10,19,2
AZ,10,24,2
AZ,10,26,2
AZ,10,27,1
AZ,10,29,2
AZ,10,30,1
AZ,10,31,1
AZ,10,32,1
AZ,10,34,1
AZ,10,37,3
AZ,10,38,1
AZ,10,44,1
AZ,10,45,1
AZ,10,47,1
AZ,10,51,1
AZ,10,53,1
AZ,10,54,5
AZ,10,60,1
AZ,10,61,2
AZ,10,62,2
AZ,10,63,2
AZ,10,65,1
AZ,10,66,4
AZ,10,68,1
AZ,10,69,3
AZ,10,73,4
AZ,10,74,2
AZ,10,75,2
AZ,10,76,3
AZ,10,77,1
AZ,10,78,4
AZ,10,79,5
AZ,10,81,4
AZ,10,82,4
AZ,10,83,6
AZ,10,87,2
AZ,10,88,8
AZ,10,89,3
AZ,10,90,1
AZ,10,92,2
AZ,10,93,1
AZ,10,94,5
AZ,10,95,5
AZ,10,96,11
AZ,10,97,3
AZ,10,100,7
AZ,10,101,11
AZ,10,102,34
AZ,10,103,36
AZ,10,104,75
AZ,10,106,1
AZ,10,107,17
AZ,10,108,33
AZ,10,109,221
AZ,10,110,118
AZ,10,111,188
AZ,10,112,5
AZ,10,114,24
AZ,10,115,12
AZ,10,116,1
AZ,10,117,22
AZ,10,118,1
AZ,10,120,1
AZ,10,121,1
AZ,10,122,3
AZ,10,130,1
AZ,10,156,1
AZ,10,198,1
Coronavac,2,13,4
Coronavac,2,16,3
Coronavac,2,17,3
Coronavac,2,18,7
Coronavac,2,19,16
Coronavac,2,20,2
Coronavac,2,21,2
Coronavac,2,23,4
Coronavac,2,24,3
Coronavac,2,25,12
Coronavac,2,26,9
Coronavac,2,27,7
Coronavac,2,28,2
Coronavac,2,29,2
Coronavac,2,30,6
Coronavac,2,31,7
Coronavac,2,32,13
Coronavac,2,33,2
Coronavac,2,34,6
Coronavac,2,37,11
Coronavac,2,38,5
Coronavac,2,39,3
Coronavac,2,40,7
Coronavac,2,41,4
Coronavac,2,43,3
Coronavac,2,44,7
Coronavac,2,45,7
Coronavac,2,46,8
Coronavac,2,47,3
Coronavac,2,48,3
Coronavac,2,51,6
Coronavac,2,52,22
Coronavac,2,53,7
Coronavac,2,54,9
Coronavac,2,55,6
Coronavac,2,58,7
Coronavac,2,59,4
Coronavac,2,62,6
Coronavac,2,64,3
Coronavac,2,65,2
Coronavac,2,66,4
Coronavac,2,67,4
Coronavac,2,68,1
Coronavac,2,69,2
Coronavac,2,71,1
Coronavac,2,72,4
Coronavac,2,73,3
Coronavac,2,74,2
Coronavac,2,75,3
Coronavac,2,78,2
Coronavac,2,80,2
Coronavac,2,81,2
Coronavac,2,82,2
Coronavac,2,86,3
Coronavac,2,87,1
Coronavac,2,88,2
Coronavac,2,89,1
Coronavac,2,90,1
Coronavac,2,91,1
Coronavac,2,94,24
Coronavac,2,95,5
Coronavac,2,96,5
Coronavac,2,99,3
Coronavac,2,100,32
Coronavac,2,101,8
Coronavac,2,102,2
Coronavac,2,103,3
Coronavac,2,104,29
Coronavac,2,106,2
Coronavac,2,107,3
Coronavac,2,109,1
Coronavac,2,110,7
Coronavac,2,111,6
Coronavac,2,112,6
Coronavac,2,113,1
Coronavac,2,115,4
Coronavac,2,116,4
Coronavac,2,117,4
Coronavac,2,118,6
Coronavac,2,119,3
Coronavac,2,120,12
Coronavac,2,121,13
Coronavac,2,122,20
Coronavac,2,123,21
Coronavac,2,124,7
Coronavac,2,125,16
Coronavac,2,126,3
Coronavac,2,127,7
Coronavac,2,128,7
Coronavac,2,129,7
Coronavac,2,130,4
Coronavac,2,131,8
Coronavac,2,132,8
Coronavac,2,134,2
Coronavac,2,135,3
Coronavac,2,136,10
Coronavac,2,137,3
Coronavac,2,138,7
Coronavac,2,139,1
Coronavac,2,140,4
Coronavac,2,141,1
Coronavac,2,142,1
Coronavac,2,143,7
Coronavac,2,144,7
Coronavac,2,145,12
Coronavac,2,146,15
Coronavac,2,148,2
Coronavac,2,149,3
Coronavac,2,150,5
Coronavac,2,151,9
Coronavac,2,152,6
Coronavac,2,153,4
Coronavac,2,154,5
Coronavac,2,155,10
Coronavac,2,156,6
Coronavac,2,157,10
Coronavac,2,158,12
Coronavac,2,159,2
Coronavac,2,160,20
Coronavac,2,161,2
Coronavac,2,163,14
Coronavac,2,164,8
Coronavac,2,165,6
Coronavac,2,166,10
Coronavac,2,167,3
Coronavac,2,168,5
Coronavac,2,169,12
Coronavac,2,170,23
Coronavac,2,171,19
Coronavac,2,172,26
Coronavac,2,173,30
Coronavac,2,174,11
Coronavac,2,175,18
Coronavac,2,176,14
Coronavac,2,177,24
Coronavac,2,178,8
Coronavac,2,179,37
Coronavac,2,180,20
Coronavac,2,181,17
Coronavac,2,182,5
Coronavac,2,183,13
Coronavac,2,184,13
Coronavac,2,185,14
Coronavac,2,186,6
Coronavac,2,187,2
Coronavac,2,198,1
Coronavac,3,13,115
Coronavac,3,15,7
Coronavac,3,16,51
Coronavac,3,17,50
Coronavac,3,18,24
Coronavac,3,19,80
Coronavac,3,20,14
Coronavac,3,21,18
Coronavac,3,22,2
Coronavac,3,23,85
Coronavac,3,24,28
Coronavac,3,25,104
Coronavac,3,26,130
Coronavac,3,27,58
Coronavac,3,28,11
Coronavac,3,29,23
Coronavac,3,30,74
Coronavac,3,31,89
Coronavac,3,32,53
Coronavac,3,33,9
Coronavac,3,34,28
Coronavac,3,36,3
Coronavac,3,37,65
Coronavac,3,38,35
Coronavac,3,39,34
Coronavac,3,40,36
Coronavac,3,41,34
Coronavac,3,42,8
Coronavac,3,43,24
Coronavac,3,44,35
Coronavac,3,45,65
Coronavac,3,46,50
Coronavac,3,47,43
Coronavac,3,48,26
Coronavac,3,50,6
Coronavac,3,51,28
Coronavac,3,52,121
Coronavac,3,53,33
Coronavac,3,54,40
Coronavac,3,55,49
Coronavac,3,57,2
Coronavac,3,58,26
Coronavac,3,59,28
Coronavac,3,60,10
Coronavac,3,61,17
Coronavac,3,62,33
Coronavac,3,63,2
Coronavac,3,64,6
Coronavac,3,65,26
Coronavac,3,66,20
Coronavac,3,67,30
Coronavac,3,68,11
Coronavac,3,69,15
Coronavac,3,70,4
Coronavac,3,71,8
Coronavac,3,72,25
Coronavac,3,73,15
Coronavac,3,74,20
Coronavac,3,75,9
Coronavac,3,76,16
Coronavac,3,77,1
Coronavac,3,78,13
Coronavac,3,79,20
Coronavac,3,80,3
Coronavac,3,81,29
Coronavac,3,82,17
Coronavac,3,83,19
Coronavac,3,85,10
Coronavac,3,86,55
Coronavac,3,87,30
Coronavac,3,88,29
Coronavac,3,89,41
Coronavac,3,90,56
Coronavac,3,91,2
Coronavac,3,92,13
Coronavac,3,93,37
Coronavac,3,94,318
Coronavac,3,95,102
Coronavac,3,96,46
Coronavac,3,97,29
Coronavac,3,98,6
Coronavac,3,99,77
Coronavac,3,100,384
Coronavac,3,101,61
Coronavac,3,102,90
Coronavac,3,103,20
Coronavac,3,104,324
Coronavac,3,105,5
Coronavac,3,106,37
Coronavac,3,107,25
Coronavac,3,108,25
Coronavac,3,109,34
Coronavac,3,110,64
Coronavac,3,111,34
Coronavac,3,112,13
Coronavac,3,113,10
Coronavac,3,114,56
Coronavac,3,115,29
Coronavac,3,116,84
Coronavac,3,117,89
Coronavac,3,118,103
Coronavac,3,119,9
Coronavac,3,120,408
Coronavac,3,121,193
Coronavac,3,122,210
Coronavac,3,123,153
Coronavac,3,124,124
Coronavac,3,125,111
Coronavac,3,126,9
Coronavac,3,127,76
Coronavac,3,128,60
Coronavac,3,129,59
Coronavac,3,130,66
Coronavac,3,131,48
Coronavac,3,132,63
Coronavac,3,133,4
Coronavac,3,134,14
Coronavac,3,135,103
Coronavac,3,136,82
Coronavac,3,137,43
Coronavac,3,138,47
Coronavac,3,139,62
Coronavac,3,140,13
Coronavac,3,141,13
Coronavac,3,142,40
Coronavac,3,143,45
Coronavac,3,144,49
Coronavac,3,145,117
Coronavac,3,146,42
Coronavac,3,147,9
Coronavac,3,148,6
Coronavac,3,149,51
Coronavac,3,150,78
Coronavac,3,151,75
Coronavac,3,152,56
Coronavac,3,153,68
Coronavac,3,154,15
Coronavac,3,155,55
Coronavac,3,156,103
Coronavac,3,157,116
Coronavac,3,158,89
Coronavac,3,159,29
Coronavac,3,160,230
Coronavac,3,161,14
Coronavac,3,162,21
Coronavac,3,163,159
Coronavac,3,164,68
Coronavac,3,165,50
Coronavac,3,166,43
Coronavac,3,167,21
Coronavac,3,168,43
Coronavac,3,169,82
Coronavac,3,170,191
Coronavac,3,171,230
Coronavac,3,172,278
Coronavac,3,173,340
Coronavac,3,174,99
Coronavac,3,175,67
Coronavac,3,176,99
Coronavac,3,177,204
Coronavac,3,178,197
Coronavac,3,179,532
Coronavac,3,180,310
Coronavac,3,181,264
Coronavac,3,182,45
Coronavac,3,183,91
Coronavac,3,184,263
Coronavac,3,185,446
Coronavac,3,186,192
Coronavac,3,187,45
Coronavac,3,188,49
Coronavac,3,191,6
Coronavac,3,192,6
Coronavac,3,193,7
Coronavac,3,195,2
Coronavac,3,198,3
Coronavac,3,199,6
Coronavac,3,200,5
Coronavac,3,201,1
Coronavac,4,13,261
Coronavac,4,15,34
Coronavac,4,16,365
Coronavac,4,17,146
Coronavac,4,18,48
Coronavac,4,19,78
Coronavac,4,20,91
Coronavac,4,21,20
Coronavac,4,22,8
Coronavac,4,23,132
Coronavac,4,24,88
Coronavac,4,25,332
Coronavac,4,26,204
Coronavac,4,27,120
Coronavac,4,28,12
Coronavac,4,29,288
Coronavac,4,30,129
Coronavac,4,31,126
Coronavac,4,32,125
Coronavac,4,33,86
Coronavac,4,34,30
Coronavac,4,36,12
Coronavac,4,37,93
Coronavac,4,38,335
Coronavac,4,39,48
Coronavac,4,40,42
Coronavac,4,41,49
Coronavac,4,42,1
Coronavac,4,43,11
Coronavac,4,44,29
Coronavac,4,45,42
Coronavac,4,46,42
Coronavac,4,47,59
Coronavac,4,48,42
Coronavac,4,50,7
Coronavac,4,51,37
Coronavac,4,52,91
Coronavac,4,53,51
Coronavac,4,54,46
Coronavac,4,55,66
Coronavac,4,57,1
Coronavac,4,58,12
Coronavac,4,59,23
Coronavac,4,60,16
Coronavac,4,61,23
Coronavac,4,62,28
Coronavac,4,64,5
Coronavac,4,65,22
Coronavac,4,66,16
Coronavac,4,67,24
Coronavac,4,68,13
Coronavac,4,69,13
Coronavac,4,70,1
Coronavac,4,71,9
Coronavac,4,72,26
Coronavac,4,73,16
Coronavac,4,74,21
Coronavac,4,75,16
Coronavac,4,76,21
Coronavac,4,77,2
Coronavac,4,78,12
Coronavac,4,79,75
Coronavac,4,80,1
Coronavac,4,81,40
Coronavac,4,82,21
Coronavac,4,83,22
Coronavac,4,85,15
Coronavac,4,86,47
Coronavac,4,87,18
Coronavac,4,88,27
Coronavac,4,89,67
Coronavac,4,90,64
Coronavac,4,92,8
Coronavac,4,93,79
Coronavac,4,94,350
Coronavac,4,95,129
Coronavac,4,96,186
Coronavac,4,97,49
Coronavac,4,99,115
Coronavac,4,100,395
Coronavac,4,101,94
Coronavac,4,102,69
Coronavac,4,103,60
Coronavac,4,104,379
Coronavac,4,105,3
Coronavac,4,106,140
Coronavac,4,107,54
Coronavac,4,108,106
Coronavac,4,109,68
Coronavac,4,110,118
Coronavac,4,111,41
Coronavac,4,112,6
Coronavac,4,113,10
Coronavac,4,114,117
Coronavac,4,115,52
Coronavac,4,116,124
Coronavac,4,117,107
Coronavac,4,118,144
Coronavac,4,119,9
Coronavac,4,120,408
Coronavac,4,121,177
Coronavac,4,122,216
Coronavac,4,123,121
Coronavac,4,124,131
Coronavac,4,125,96
Coronavac,4,126,4
Coronavac,4,127,61
Coronavac,4,128,68
Coronavac,4,129,78
Coronavac,4,130,108
Coronavac,4,131,70
Coronavac,4,132,96
Coronavac,4,133,3
Coronavac,4,134,10
Coronavac,4,135,148
Coronavac,4,136,180
Coronavac,4,137,69
Coronavac,4,138,109
Coronavac,4,139,68
Coronavac,4,140,12
Coronavac,4,141,10
Coronavac,4,142,33
Coronavac,4,143,41
Coronavac,4,144,68
Coronavac,4,145,114
Coronavac,4,146,55
Coronavac,4,147,14
Coronavac,4,148,9
Coronavac,4,149,74
Coronavac,4,150,101
Coronavac,4,151,112
Coronavac,4,152,85
Coronavac,4,153,149
Coronavac,4,154,13
Coronavac,4,155,57
Coronavac,4,156,147
Coronavac,4,157,203
Coronavac,4,158,138
Coronavac,4,159,36
Coronavac,4,160,216
Coronavac,4,161,14
Coronavac,4,162,22
Coronavac,4,163,120
Coronavac,4,164,88
Coronavac,4,165,87
Coronavac,4,166,61
Coronavac,4,167,46
Coronavac,4,168,27
Coronavac,4,169,78
Coronavac,4,170,229
Coronavac,4,171,348
Coronavac,4,172,360
Coronavac,4,173,326
Coronavac,4,174,115
Coronavac,4,175,51
Coronavac,4,176,61
Coronavac,4,177,235
Coronavac,4,178,362
Coronavac,4,179,569
Coronavac,4,180,613
Coronavac,4,181,550
Coronavac,4,182,76
Coronavac,4,183,115
Coronavac,4,184,438
Coronavac,4,185,720
Coronavac,4,186,475
Coronavac,4,187,63
Coronavac,4,188,130
Coronavac,4,190,2
Coronavac,4,191,10
Coronavac,4,192,5
Coronavac,4,193,8
Coronavac,4,194,4
Coronavac,4,195,3
Coronavac,4,198,4
Coronavac,4,199,10
Coronavac,4,200,5
Coronavac,4,201,1
Coronavac,4,209,2
Coronavac,4,211,1
Coronavac,4,212,1
Coronavac,4,213,1
Coronavac,5,13,226
Coronavac,5,15,19
Coronavac,5,16,122
Coronavac,5,17,91
Coronavac,5,18,171
Coronavac,5,19,162
Coronavac,5,20,121
Coronavac,5,21,21
Coronavac,5,22,32
Coronavac,5,23,282
Coronavac,5,24,278
Coronavac,5,25,863
Coronavac,5,26,1413
Coronavac,5,27,1091
Coronavac,5,28,13
Coronavac,5,29,183
Coronavac,5,30,364
Coronavac,5,31,214
Coronavac,5,32,115
Coronavac,5,33,53
Coronavac,5,34,80
Coronavac,5,36,9
Coronavac,5,37,89
Coronavac,5,38,87
Coronavac,5,39,165
Coronavac,5,40,443
Coronavac,5,41,88
Coronavac,5,42,3
Coronavac,5,43,7
Coronavac,5,44,42
Coronavac,5,45,72
Coronavac,5,46,54
Coronavac,5,47,70
Coronavac,5,48,56
Coronavac,5,50,6
Coronavac,5,51,38
Coronavac,5,52,62
Coronavac,5,53,77
Coronavac,5,54,30
Coronavac,5,55,68
Coronavac,5,56,1
Coronavac,5,57,2
Coronavac,5,58,29
Coronavac,5,59,9
Coronavac,5,60,14
Coronavac,5,61,8
Coronavac,5,62,20
Coronavac,5,63,2
Coronavac,5,65,21
Coronavac,5,66,8
Coronavac,5,67,8
Coronavac,5,68,16
Coronavac,5,69,15
Coronavac,5,70,1
Coronavac,5,71,5
Coronavac,5,72,13
Coronavac,5,73,12
Coronavac,5,74,20
Coronavac,5,75,7
Coronavac,5,76,13
Coronavac,5,77,1
Coronavac,5,78,13
Coronavac,5,79,59
Coronavac,5,80,1
Coronavac,5,81,24
Coronavac,5,82,22
Coronavac,5,83,10
Coronavac,5,85,24
Coronavac,5,86,37
Coronavac,5,87,17
Coronavac,5,88,15
Coronavac,5,89,42
Coronavac,5,90,62
Coronavac,5,91,1
Coronavac,5,92,7
Coronavac,5,93,45
Coronavac,5,94,226
Coronavac,5,95,78
Coronavac,5,96,162
Coronavac,5,97,25
Coronavac,5,99,74
Coronavac,5,100,314
Coronavac,5,101,68
Coronavac,5,102,41
Coronavac,5,103,38
Coronavac,5,104,240
Coronavac,5,105,5
Coronavac,5,106,163
Coronavac,5,107,40
Coronavac,5,108,60
Coronavac,5,109,44
Coronavac,5,110,83
Coronavac,5,111,21
Coronavac,5,112,5
Coronavac,5,113,2
Coronavac,5,114,51
Coronavac,5,115,23
Coronavac,5,116,54
Coronavac,5,117,78
Coronavac,5,118,58
Coronavac,5,120,170
Coronavac,5,121,122
Coronavac,5,122,134
Coronavac,5,123,58
Coronavac,5,124,87
Coronavac,5,125,62
Coronavac,5,126,7
Coronavac,5,127,28
Coronavac,5,128,69
Coronavac,5,129,42
Coronavac,5,130,48
Coronavac,5,131,32
Coronavac,5,132,50
Coronavac,5,134,8
Coronavac,5,135,82
Coronavac,5,136,116
Coronavac,5,137,37
Coronavac,5,138,44
Coronavac,5,139,75
Coronavac,5,140,10
Coronavac,5,141,6
Coronavac,5,142,20
Coronavac,5,143,45
Coronavac,5,144,34
Coronavac,5,145,73
Coronavac,5,146,35
Coronavac,5,147,3
Coronavac,5,148,5
Coronavac,5,149,34
Coronavac,5,150,64
Coronavac,5,151,86
Coronavac,5,152,66
Coronavac,5,153,115
Coronavac,5,154,6
Coronavac,5,155,52
Coronavac,5,156,118
Coronavac,5,157,133
Coronavac,5,158,103
Coronavac,5,159,19
Coronavac,5,160,148
Coronavac,5,161,3
Coronavac,5,162,27
Coronavac,5,163,87
Coronavac,5,164,68
Coronavac,5,165,64
Coronavac,5,166,32
Coronavac,5,167,41
Coronavac,5,168,19
Coronavac,5,169,48
Coronavac,5,170,139
Coronavac,5,171,237
Coronavac,5,172,286
Coronavac,5,173,274
Coronavac,5,174,124
Coronavac,5,175,26
Coronavac,5,176,34
Coronavac,5,177,176
Coronavac,5,178,288
Coronavac,5,179,423
Coronavac,5,180,411
Coronavac,5,181,477
Coronavac,5,182,125
Coronavac,5,183,162
Coronavac,5,184,432
Coronavac,5,185,649
Coronavac,5,186,429
Coronavac,5,187,37
Coronavac,5,188,140
Coronavac,5,189,1
Coronavac,5,191,10
Coronavac,5,192,2
Coronavac,5,193,9
Coronavac,5,194,3
Coronavac,5,195,7
Coronavac,5,198,1
Coronavac,5,199,9
Coronavac,5,200,5
Coronavac,5,210,1
Coronavac,5,213,1
Coronavac,5,214,1
Coronavac,6,13,56
Coronavac,6,15,6
Coronavac,6,16,35
Coronavac,6,17,36
Coronavac,6,18,64
Coronavac,6,19,33
Coronavac,6,20,45
Coronavac,6,21,15
Coronavac,6,22,13
Coronavac,6,23,101
Coronavac,6,24,219
Coronavac,6,25,215
Coronavac,6,26,243
Coronavac,6,27,253
Coronavac,6,28,4
Coronavac,6,29,130
Coronavac,6,30,272
Coronavac,6,31,137
Coronavac,6,32,101
Coronavac,6,33,38
Coronavac,6,34,92
Coronavac,6,36,1
Coronavac,6,37,157
Coronavac,6,38,136
Coronavac,6,39,287
Coronavac,6,40,288
Coronavac,6,41,52
Coronavac,6,42,2
Coronavac,6,43,11
Coronavac,6,44,90
Coronavac,6,45,45
Coronavac,6,46,139
Coronavac,6,47,130
Coronavac,6,48,53
Coronavac,6,50,5
Coronavac,6,51,33
Coronavac,6,52,29
Coronavac,6,53,188
Coronavac,6,54,22
Coronavac,6,55,95
Coronavac,6,57,1
Coronavac,6,58,11
Coronavac,6,59,14
Coronavac,6,60,7
Coronavac,6,61,19
Coronavac,6,62,19
Coronavac,6,63,1
Coronavac,6,64,3
Coronavac,6,65,62
Coronavac,6,66,6
Coronavac,6,67,10
Coronavac,6,68,12
Coronavac,6,69,12
Coronavac,6,71,3
Coronavac,6,72,14
Coronavac,6,73,23
Coronavac,6,74,39
Coronavac,6,75,7
Coronavac,6,76,11
Coronavac,6,77,1
Coronavac,6,78,4
Coronavac,6,79,43
Coronavac,6,81,20
Coronavac,6,82,20
Coronavac,6,83,13
Coronavac,6,84,4
Coronavac,6,85,35
Coronavac,6,86,29
Coronavac,6,87,18
Coronavac,6,88,17
Coronavac,6,89,45
Coronavac,6,90,20
Coronavac,6,91,6
Coronavac,6,92,70
Coronavac,6,93,18
Coronavac,6,94,179
Coronavac,6,95,57
Coronavac,6,96,144
Coronavac,6,97,15
Coronavac,6,99,41
Coronavac,6,100,240
Coronavac,6,101,27
Coronavac,6,102,26
Coronavac,6,103,22
Coronavac,6,104,130
Coronavac,6,105,4
Coronavac,6,106,85
Coronavac,6,107,17
Coronavac,6,108,34
Coronavac,6,109,23
Coronavac,6,110,34
Coronavac,6,111,13
Coronavac,6,113,10
Coronavac,6,114,26
Coronavac,6,115,9
Coronavac,6,116,34
Coronavac,6,117,36
Coronavac,6,118,44
Coronavac,6,119,6
Coronavac,6,120,77
Coronavac,6,121,47
Coronavac,6,122,77
Coronavac,6,123,42
Coronavac,6,124,61
Coronavac,6,125,30
Coronavac,6,126,3
Coronavac,6,127,14
Coronavac,6,128,49
Coronavac,6,129,30
Coronavac,6,130,34
Coronavac,6,131,17
Coronavac,6,132,35
Coronavac,6,133,1
Coronavac,6,134,7
Coronavac,6,135,39
Coronavac,6,136,85
Coronavac,6,137,38
Coronavac,6,138,32
Coronavac,6,139,38
Coronavac,6,140,2
Coronavac,6,141,4
Coronavac,6,142,5
Coronavac,6,143,31
Coronavac,6,144,23
Coronavac,6,145,41
Coronavac,6,146,19
Coronavac,6,147,7
Coronavac,6,148,2
Coronavac,6,149,24
Coronavac,6,150,25
Coronavac,6,151,61
Coronavac,6,152,52
Coronavac,6,153,87
Coronavac,6,154,7
Coronavac,6,155,20
Coronavac,6,156,46
Coronavac,6,157,119
Coronavac,6,158,100
Coronavac,6,159,21
Coronavac,6,160,71
Coronavac,6,161,5
Coronavac,6,162,7
Coronavac,6,163,63
Coronavac,6,164,70
Coronavac,6,165,46
Coronavac,6,166,26
Coronavac,6,167,29
Coronavac,6,168,6
Coronavac,6,169,29
Coronavac,6,170,73
Coronavac,6,171,156
Coronavac,6,172,160
Coronavac,6,173,156
Coronavac,6,174,103
Coronavac,6,175,13
Coronavac,6,176,19
Coronavac,6,177,86
Coronavac,6,178,194
Coronavac,6,179,241
Coronavac,6,180,226
Coronavac,6,181,313
Coronavac,6,182,60
Coronavac,6,183,56
Coronavac,6,184,295
Coronavac,6,185,415
Coronavac,6,186,246
Coronavac,6,187,31
Coronavac,6,188,89
Coronavac,6,191,6
Coronavac,6,192,6
Coronavac,6,193,5
Coronavac,6,194,1
Coronavac,6,195,5
Coronavac,6,196,1
Coronavac,6,198,5
Coronavac,6,199,5
Coronavac,6,200,1
Coronavac,6,212,2
Coronavac,7,13,19
Coronavac,7,15,5
Coronavac,7,16,15
Coronavac,7,17,22
Coronavac,7,18,23
Coronavac,7,19,106
Coronavac,7,20,16
Coronavac,7,21,3
Coronavac,7,23,21
Coronavac,7,24,27
Coronavac,7,25,37
Coronavac,7,26,201
Coronavac,7,27,68
Coronavac,7,28,1
Coronavac,7,29,11
Coronavac,7,30,867
Coronavac,7,31,281
Coronavac,7,32,18
Coronavac,7,33,17
Coronavac,7,34,10
Coronavac,7,36,7
Coronavac,7,37,55
Coronavac,7,38,34
Coronavac,7,39,35
Coronavac,7,40,315
Coronavac,7,41,8
Coronavac,7,43,5
Coronavac,7,44,15
Coronavac,7,45,15
Coronavac,7,46,31
Coronavac,7,47,36
Coronavac,7,48,17
Coronavac,7,50,3
Coronavac,7,51,28
Coronavac,7,52,19
Coronavac,7,53,421
Coronavac,7,54,1101
Coronavac,7,55,50
Coronavac,7,56,1
Coronavac,7,57,9
Coronavac,7,58,48
Coronavac,7,59,88
Coronavac,7,60,372
Coronavac,7,61,532
Coronavac,7,62,46
Coronavac,7,63,20
Coronavac,7,64,6
Coronavac,7,65,94
Coronavac,7,66,38
Coronavac,7,67,86
Coronavac,7,68,77
Coronavac,7,69,57
Coronavac,7,71,11
Coronavac,7,72,133
Coronavac,7,73,113
Coronavac,7,74,105
Coronavac,7,75,86
Coronavac,7,76,73
Coronavac,7,77,7
Coronavac,7,78,37
Coronavac,7,79,170
Coronavac,7,81,216
Coronavac,7,82,121
Coronavac,7,83,165
Coronavac,7,84,25
Coronavac,7,85,90
Coronavac,7,86,462
Coronavac,7,87,820
Coronavac,7,88,459
Coronavac,7,89,1512
Coronavac,7,90,843
Coronavac,7,91,49
Coronavac,7,92,784
Coronavac,7,93,3071
Coronavac,7,94,1588
Coronavac,7,95,3006
Coronavac,7,96,2740
Coronavac,7,97,918
Coronavac,7,99,327
Coronavac,7,100,1949
Coronavac,7,101,365
Coronavac,7,102,901
Coronavac,7,103,526
Coronavac,7,104,1756
Coronavac,7,105,3
Coronavac,7,106,13
Coronavac,7,107,743
Coronavac,7,108,1040
Coronavac,7,109,1093
Coronavac,7,110,962
Coronavac,7,111,1562
Coronavac,7,112,22
Coronavac,7,113,372
Coronavac,7,114,387
Coronavac,7,115,1061
Coronavac,7,116,2322
Coronavac,7,117,3025
Coronavac,7,118,1063
Coronavac,7,119,54
Coronavac,7,120,501
Coronavac,7,121,344
Coronavac,7,122,719
Coronavac,7,123,89
Coronavac,7,124,211
Coronavac,7,125,128
Coronavac,7,126,6
Coronavac,7,127,21
Coronavac,7,128,46
Coronavac,7,129,237
Coronavac,7,130,31
Coronavac,7,131,11
Coronavac,7,132,21
Coronavac,7,133,5
Coronavac,7,134,29
Coronavac,7,135,45
Coronavac,7,136,49
Coronavac,7,137,28
Coronavac,7,138,17
Coronavac,7,139,13
Coronavac,7,140,4
Coronavac,7,141,6
Coronavac,7,142,1
Coronavac,7,143,16
Coronavac,7,144,8
Coronavac,7,145,21
Coronavac,7,146,10
Coronavac,7,147,2
Coronavac,7,148,2
Coronavac,7,149,15
Coronavac,7,150,4
Coronavac,7,151,15
Coronavac,7,152,24
Coronavac,7,153,20
Coronavac,7,154,2
Coronavac,7,155,14
Coronavac,7,156,23
Coronavac,7,157,40
Coronavac,7,158,20
Coronavac,7,159,11
Coronavac,7,160,57
Coronavac,7,161,3
Coronavac,7,162,7
Coronavac,7,163,23
Coronavac,7,164,25
Coronavac,7,165,16
Coronavac,7,166,8
Coronavac,7,167,13
Coronavac,7,169,8
Coronavac,7,170,11
Coronavac,7,171,27
Coronavac,7,172,38
Coronavac,7,173,27
Coronavac,7,174,66
Coronavac,7,175,3
Coronavac,7,176,8
Coronavac,7,177,31
Coronavac,7,178,59
Coronavac,7,179,93
Coronavac,7,180,83
Coronavac,7,181,83
Coronavac,7,182,22
Coronavac,7,183,23
Coronavac,7,184,83
Coronavac,7,185,96
Coronavac,7,186,69
Coronavac,7,187,11
Coronavac,7,188,35
Coronavac,7,191,1
Coronavac,7,192,3
Coronavac,7,193,2
Coronavac,7,194,2
Coronavac,7,195,1
Coronavac,7,198,1
Coronavac,7,199,3
Coronavac,7,207,1
Coronavac,7,213,2
Coronavac,7,216,2
Coronavac,8,13,7
Coronavac,8,16,3
Coronavac,8,17,10
Coronavac,8,18,3
Coronavac,8,19,8
Coronavac,8,20,2
Coronavac,8,23,7
Coronavac,8,24,1
Coronavac,8,25,6
Coronavac,8,26,9
Coronavac,8,27,4
Coronavac,8,29,4
Coronavac,8,30,5
Coronavac,8,31,9
Coronavac,8,32,6
Coronavac,8,33,6
Coronavac,8,34,2
Coronavac,8,36,4
Coronavac,8,37,4
Coronavac,8,38,3
Coronavac,8,39,8
Coronavac,8,40,19
Coronavac,8,41,2
Coronavac,8,42,2
Coronavac,8,43,4
Coronavac,8,44,4
Coronavac,8,45,10
Coronavac,8,46,8
Coronavac,8,47,6
Coronavac,8,48,4
Coronavac,8,50,3
Coronavac,8,51,9
Coronavac,8,52,4
Coronavac,8,53,12
Coronavac,8,54,46
Coronavac,8,55,12
Coronavac,8,58,7
Coronavac,8,59,11
Coronavac,8,60,26
Coronavac,8,61,45
Coronavac,8,62,16
Coronavac,8,63,2
Coronavac,8,64,3
Coronavac,8,65,21
Coronavac,8,66,15
Coronavac,8,67,16
Coronavac,8,68,15
Coronavac,8,69,9
Coronavac,8,71,10
Coronavac,8,72,24
Coronavac,8,73,15
Coronavac,8,74,12
Coronavac,8,75,17
Coronavac,8,76,17
Coronavac,8,77,1
Coronavac,8,78,12
Coronavac,8,79,26
Coronavac,8,81,35
Coronavac,8,82,22
Coronavac,8,83,31
Coronavac,8,84,2
Coronavac,8,85,18
Coronavac,8,86,57
Coronavac,8,87,81
Coronavac,8,88,91
Coronavac,8,89,124
Coronavac,8,90,346
Coronavac,8,91,11
Coronavac,8,92,95
Coronavac,8,93,284
Coronavac,8,94,199
Coronavac,8,95,626
Coronavac,8,96,986
Coronavac,8,97,148
Coronavac,8,99,40
Coronavac,8,100,368
Coronavac,8,101,103
Coronavac,8,102,456
Coronavac,8,103,146
Coronavac,8,104,244
Coronavac,8,106,5
Coronavac,8,107,250
Coronavac,8,108,335
Coronavac,8,109,189
Coronavac,8,110,437
Coronavac,8,111,827
Coronavac,8,113,92
Coronavac,8,114,1086
Coronavac,8,115,1573
Coronavac,8,116,2777
Coronavac,8,117,2727
Coronavac,8,118,2926
Coronavac,8,119,9
Coronavac,8,120,2055
Coronavac,8,121,2200
Coronavac,8,122,4138
Coronavac,8,123,496
Coronavac,8,124,2872
Coronavac,8,125,715
Coronavac,8,126,81
Coronavac,8,127,188
Coronavac,8,128,1118
Coronavac,8,129,829
Coronavac,8,130,1425
Coronavac,8,131,415
Coronavac,8,132,626
Coronavac,8,133,20
Coronavac,8,134,239
Coronavac,8,135,571
Coronavac,8,136,1292
Coronavac,8,137,1179
Coronavac,8,138,256
Coronavac,8,139,166
Coronavac,8,140,15
Coronavac,8,141,54
Coronavac,8,142,6
Coronavac,8,143,195
Coronavac,8,144,48
Coronavac,8,145,38
Coronavac,8,146,18
Coronavac,8,147,1
Coronavac,8,148,37
Coronavac,8,149,56
Coronavac,8,150,29
Coronavac,8,151,105
Coronavac,8,152,20
Coronavac,8,153,83
Coronavac,8,154,1
Coronavac,8,155,18
Coronavac,8,156,18
Coronavac,8,157,37
Coronavac,8,158,34
Coronavac,8,159,21
Coronavac,8,160,46
Coronavac,8,161,3
Coronavac,8,162,19
Coronavac,8,163,21
Coronavac,8,164,8
Coronavac,8,165,19
Coronavac,8,166,9
Coronavac,8,167,3
Coronavac,8,168,4
Coronavac,8,169,4
Coronavac,8,170,8
Coronavac,8,171,20
Coronavac,8,172,15
Coronavac,8,173,11
Coronavac,8,174,57
Coronavac,8,175,3
Coronavac,8,176,8
Coronavac,8,177,10
Coronavac,8,178,15
Coronavac,8,179,20
Coronavac,8,180,22
Coronavac,8,181,17
Coronavac,8,182,33
Coronavac,8,183,20
Coronavac,8,184,12
Coronavac,8,185,13
Coronavac,8,186,23
Coronavac,8,187,1
Coronavac,8,188,10
Coronavac,8,189,1
Coronavac,8,191,2
Coronavac,8,196,1
Coronavac,8,210,1
Coronavac,8,212,1
Coronavac,8,213,2
Coronavac,9,13,1
Coronavac,9,18,1
Coronavac,9,19,1
Coronavac,9,20,3
Coronavac,9,25,2
Coronavac,9,26,2
Coronavac,9,27,2
Coronavac,9,30,3
Coronavac,9,31,2
Coronavac,9,33,1
Coronavac,9,34,1
Coronavac,9,37,2
Coronavac,9,38,1
Coronavac,9,39,1
Coronavac,9,40,6
Coronavac,9,41,1
Coronavac,9,42,2
Coronavac,9,45,1
Coronavac,9,46,3
Coronavac,9,47,1
Coronavac,9,48,1
Coronavac,9,51,2
Coronavac,9,53,1
Coronavac,9,54,5
Coronavac,9,55,7
Coronavac,9,59,2
Coronavac,9,60,2
Coronavac,9,61,6
Coronavac,9,62,3
Coronavac,9,66,5
Coronavac,9,67,2
Coronavac,9,72,2
Coronavac,9,75,3
Coronavac,9,76,5
Coronavac,9,78,1
Coronavac,9,79,1
Coronavac,9,81,6
Coronavac,9,82,4
Coronavac,9,83,5
Coronavac,9,85,2
Coronavac,9,86,13
Coronavac,9,87,10
Coronavac,9,88,9
Coronavac,9,89,24
Coronavac,9,90,14
Coronavac,9,92,11
Coronavac,9,93,25
Coronavac,9,94,17
Coronavac,9,95,37
Coronavac,9,96,34
Coronavac,9,97,8
Coronavac,9,99,4
Coronavac,9,100,24
Coronavac,9,101,19
Coronavac,9,102,38
Coronavac,9,103,12
Coronavac,9,104,11
Coronavac,9,106,3
Coronavac,9,107,19
Coronavac,9,108,36
Coronavac,9,109,19
Coronavac,9,110,29
Coronavac,9,111,31
Coronavac,9,112,1
Coronavac,9,113,7
Coronavac,9,114,16
Coronavac,9,115,44
Coronavac,9,116,51
Coronavac,9,117,48
Coronavac,9,118,71
Coronavac,9,119,1
Coronavac,9,120,32
Coronavac,9,121,87
Coronavac,9,122,228
Coronavac,9,123,23
Coronavac,9,124,96
Coronavac,9,125,76
Coronavac,9,126,3
Coronavac,9,127,24
Coronavac,9,128,155
Coronavac,9,129,132
Coronavac,9,130,216
Coronavac,9,131,65
Coronavac,9,132,119
Coronavac,9,134,26
Coronavac,9,135,74
Coronavac,9,136,150
Coronavac,9,137,174
Coronavac,9,138,63
Coronavac,9,139,72
Coronavac,9,140,9
Coronavac,9,141,7
Coronavac,9,142,2
Coronavac,9,143,52
Coronavac,9,144,99
Coronavac,9,145,102
Coronavac,9,146,43
Coronavac,9,147,14
Coronavac,9,148,20
Coronavac,9,149,61
Coronavac,9,150,138
Coronavac,9,151,137
Coronavac,9,152,190
Coronavac,9,153,200
Coronavac,9,154,10
Coronavac,9,155,119
Coronavac,9,156,293
Coronavac,9,157,367
Coronavac,9,158,599
Coronavac,9,159,370
Coronavac,9,160,621
Coronavac,9,161,16
Coronavac,9,162,463
Coronavac,9,163,1327
Coronavac,9,164,1105
Coronavac,9,165,600
Coronavac,9,166,892
Coronavac,9,167,127
Coronavac,9,168,3
Coronavac,9,169,10
Coronavac,9,170,36
Coronavac,9,171,85
Coronavac,9,172,54
Coronavac,9,173,20
Coronavac,9,174,39
Coronavac,9,175,2
Coronavac,9,177,2
Coronavac,9,178,20
Coronavac,9,179,8
Coronavac,9,180,11
Coronavac,9,181,6
Coronavac,9,182,14
Coronavac,9,183,9
Coronavac,9,184,5
Coronavac,9,185,2
Coronavac,9,186,18
Coronavac,9,187,2
Coronavac,9,188,7
Coronavac,9,190,1
Coronavac,9,191,3
Coronavac,9,192,1
Coronavac,10,25,2
Coronavac,10,30,1
Coronavac,10,38,2
Coronavac,10,39,1
Coronavac,10,44,1
Coronavac,10,48,1
Coronavac,10,51,1
Coronavac,10,52,1
Coronavac,10,58,1
Coronavac,10,60,1
Coronavac,10,61,3
Coronavac,10,62,1
Coronavac,10,64,1
Coronavac,10,66,2
Coronavac,10,67,1
Coronavac,10,72,1
Coronavac,10,74,1
Coronavac,10,82,2
Coronavac,10,83,1
Coronavac,10,85,1
Coronavac,10,86,4
Coronavac,10,87,4
Coronavac,10,88,1
Coronavac,10,89,2
Coronavac,10,90,5
Coronavac,10,92,1
Coronavac,10,93,6
Coronavac,10,94,2
Coronavac,10,95,8
Coronavac,10,96,4
Coronavac,10,100,2
Coronavac,10,101,3
Coronavac,10,102,5
Coronavac,10,103,3
Coronavac,10,104,1
Coronavac,10,106,2
Coronavac,10,107,2
Coronavac,10,108,7
Coronavac,10,109,2
Coronavac,10,110,4
Coronavac,10,111,2
Coronavac,10,113,1
Coronavac,10,114,9
Coronavac,10,115,3
Coronavac,10,116,4
Coronavac,10,117,6
Coronavac,10,118,10
Coronavac,10,120,1
Coronavac,10,121,15
Coronavac,10,122,25
Coronavac,10,123,3
Coronavac,10,124,6
Coronavac,10,125,7
Coronavac,10,127,3
Coronavac,10,128,17
Coronavac,10,129,14
Coronavac,10,130,15
Coronavac,10,131,8
Coronavac,10,132,10
Coronavac,10,134,2
Coronavac,10,135,7
Coronavac,10,136,13
Coronavac,10,137,20
Coronavac,10,138,6
Coronavac,10,139,9
Coronavac,10,140,2
Coronavac,10,141,2
Coronavac,10,142,3
Coronavac,10,143,8
Coronavac,10,144,8
Coronavac,10,145,10
Coronavac,10,146,6
Coronavac,10,147,1
Coronavac,10,148,2
Coronavac,10,149,10
Coronavac,10,150,17
Coronavac,10,151,11
Coronavac,10,152,20
Coronavac,10,153,31
Coronavac,10,154,2
Coronavac,10,155,11
Coronavac,10,156,47
Coronavac,10,157,48
Coronavac,10,158,52
Coronavac,10,159,63
Coronavac,10,160,68
Coronavac,10,161,1
Coronavac,10,162,54
Coronavac,10,163,201
Coronavac,10,164,168
Coronavac,10,165,64
Coronavac,10,166,106
Coronavac,10,167,15
Coronavac,10,169,1
Coronavac,10,170,14
Coronavac,10,171,24
Coronavac,10,172,7
Coronavac,10,173,3
Coronavac,10,174,10
Coronavac,10,175,2
Coronavac,10,177,1
Coronavac,10,178,7
Coronavac,10,179,1
Coronavac,10,183,2
Coronavac,10,184,2
Coronavac,10,186,8
Pfizer,2,13,8
Pfizer,2,16,4
Pfizer,2,17,6
Pfizer,2,18,7
Pfizer,2,19,7
Pfizer,2,23,3
Pfizer,2,24,1
Pfizer,2,25,2
Pfizer,2,26,1
Pfizer,3,13,65
Pfizer,3,15,20
Pfizer,3,16,54
Pfizer,3,17,44
Pfizer,3,18,47
Pfizer,3,19,43
Pfizer,3,20,3
Pfizer,3,23,17
Pfizer,3,24,14
Pfizer,3,25,23
Pfizer,3,26,23
Pfizer,3,45,1
Pfizer,3,47,1
Pfizer,3,60,1
Pfizer,3,74,1
Pfizer,4,13,57
Pfizer,4,15,17
Pfizer,4,16,37
Pfizer,4,17,45
Pfizer,4,18,66
Pfizer,4,19,70
Pfizer,4,20,4
Pfizer,4,23,16
Pfizer,4,24,16
Pfizer,4,25,24
Pfizer,4,26,60
Pfizer,4,40,3
Pfizer,4,45,1
Pfizer,4,54,1
Pfizer,5,13,69
Pfizer,5,15,18
Pfizer,5,16,76
Pfizer,5,17,51
Pfizer,5,18,73
Pfizer,5,19,59
Pfizer,5,20,3
Pfizer,5,23,25
Pfizer,5,24,31
Pfizer,5,25,52
Pfizer,5,26,52
Pfizer,5,27,3
Pfizer,5,33,1
Pfizer,5,34,1
Pfizer,5,36,1
Pfizer,5,37,1
Pfizer,5,40,1
Pfizer,5,41,2
Pfizer,5,68,1
Pfizer,5,76,1
Pfizer,6,13,173
Pfizer,6,15,24
Pfizer,6,16,293
Pfizer,6,17,292
Pfizer,6,18,253
Pfizer,6,19,133
Pfizer,6,20,6
Pfizer,6,22,3
Pfizer,6,23,57
Pfizer,6,24,45
Pfizer,6,25,94
Pfizer,6,26,95
Pfizer,6,27,2
Pfizer,6,32,1
Pfizer,6,33,1
Pfizer,6,36,1
Pfizer,6,60,1
Pfizer,7,13,13
Pfizer,7,15,1
Pfizer,7,16,4
Pfizer,7,17,7
Pfizer,7,18,8
Pfizer,7,19,5
Pfizer,7,23,1
Pfizer,7,24,1
Pfizer,7,25,3
Pfizer,7,26,3
Pfizer,7,37,1
Pfizer,7,38,1
Pfizer,7,39,1
Pfizer,7,43,1
Pfizer,7,45,1
Pfizer,7,48,1
Pfizer,7,53,1
Pfizer,8,13,1
Pfizer,8,16,2
Pfizer,8,17,1
Pfizer,8,22,1
Pfizer,8,25,1
Pfizer,8,45,1
Pfizer,9,18,1
